{
  "name": "loaders-utils",
  "version": "1.1.0",
  "title": "Loaders snaps, works and utils",
  "author": "Thaui",
  "description": "Provide smart auto-snap feature of loaders to belt items and compatibility to loaders mods.",
  "factorio_version": "1.1",
  "dependencies": [
    "base",
    "(?) LoaderRedux",
    "(?) deadlock-beltboxes-loaders",
    "(?) vanilla-loaders-hd",
    "(?) Krastorio2"
  ],
  "package": {
    "no_git_push": true,
    "no_portal_upload": true,
    "scripts": {
      "predebug": "bash -c \"make predebug\"",
      "prepublish": "bash -c \"make prepublish\"",
      "datestamp": "bash -c \"make datestamp\"",
      "prepackage": "bash -c \"make prepackage\"",
      "publish": "bash -c \"make publish\"",
      "version": "bash -c \"make version\""
    }
  }
}